,sum_sq,df,F,PR(>F)
C(invert),0.6849310023088188,1.0,1.1642223711418491,0.28647114361578396
Residual,25.885917371635983,44.0,,
