,sum_sq,df,F,PR(>F)
C(good),0.09253983373734186,1.0,0.15370237793850777,0.6969146258682155
Residual,26.49114957786822,44.0,,
