,sum_sq,df,F,PR(>F)
C(invert),1.3893281061230585,1.0,2.3275771917839454,0.1342562183709225
Residual,26.263548588290572,44.0,,
