,sum_sq,df,F,PR(>F)
C(good),0.4294123932110345,1.0,0.7363751003747587,0.3954750455612238
Residual,25.65831638205833,44.0,,
